{"entities":{"pages":{"Communique5":{"id":"Communique5","title":"Communique 5.0","url":"communique5.html","level":0,"pages":["Management","Users","Theaters","Player","Media","Campanha"],"tabIndex":0},"Management":{"id":"Management","title":"Management","url":"management.html","level":1,"parentId":"Communique5","tabIndex":0},"Users":{"id":"Users","title":"Users","url":"users.html","level":1,"parentId":"Communique5","tabIndex":1},"Theaters":{"id":"Theaters","title":"Theaters","url":"theaters.html","level":1,"parentId":"Communique5","tabIndex":2},"Player":{"id":"Player","title":"Players","url":"player.html","level":1,"parentId":"Communique5","tabIndex":3},"Media":{"id":"Media","title":"Media","url":"media.html","level":1,"parentId":"Communique5","tabIndex":4},"Campanha":{"id":"Campanha","title":"Campaign","url":"campanha.html","level":1,"parentId":"Communique5","tabIndex":5}}},"topLevelIds":["Communique5"]}