{"entities":{"pages":{"Communique5":{"id":"Communique5","title":"Communique 5.0","url":"communique5.html","level":0,"pages":["Player","Media","Campanha"],"tabIndex":0},"Player":{"id":"Player","title":"Player","url":"player.html","level":1,"parentId":"Communique5","tabIndex":0},"Media":{"id":"Media","title":"Media","url":"media.html","level":1,"parentId":"Communique5","tabIndex":1},"Campanha":{"id":"Campanha","title":"Campanha","url":"campanha.html","level":1,"parentId":"Communique5","tabIndex":2}}},"topLevelIds":["Communique5"]}